<?xml version='1.0' encoding='utf-8'?>
<project xmlns="http://www.plcopen.org/xml/tc6_0201" xmlns:xsd="http://www.w3.org/2001/XMLSchema" xmlns:xhtml="http://www.w3.org/1999/xhtml" xmlns:ns1="http://www.plcopen.org/xml/tc6.xsd">
  <fileHeader companyName="Desconocido" productName="Sin nombre" productVersion="1" creationDateTime="2024-04-09T05:23:33"/>
  <contentHeader name="Sin nombre" modificationDateTime="2024-04-09T05:42:31">
    <coordinateInfo>
      <fbd>
        <scaling x="10" y="10"/>
      </fbd>
      <ld>
        <scaling x="10" y="10"/>
      </ld>
      <sfc>
        <scaling x="10" y="10"/>
      </sfc>
    </coordinateInfo>
  </contentHeader>
  <types>
    <dataTypes/>
    <pous>
      <pou name="etiquetadora" pouType="program">
        <interface>
          <localVars>
            <variable name="infrarojo" address="%IX0.0">
              <type>
                <BOOL/>
              </type>
            </variable>
            <variable name="motorEtiquetadora" address="%QX0.0">
              <type>
                <BOOL/>
              </type>
            </variable>
            <variable name="start" address="%IX0.1">
              <type>
                <BOOL/>
              </type>
            </variable>
            <variable name="Stop" address="%IX0.2">
              <type>
                <BOOL/>
              </type>
            </variable>
          </localVars>
          <localVars>
            <variable name="ir1">
              <type>
                <BOOL/>
              </type>
            </variable>
          </localVars>
          <localVars>
            <variable name="Transportadora" address="%QX0.1">
              <type>
                <BOOL/>
              </type>
            </variable>
          </localVars>
        </interface>
        <body>
          <LD>
            <leftPowerRail localId="1" width="10" height="200">
              <position x="30" y="100"/>
              <connectionPointOut formalParameter="">
                <relPosition x="10" y="20"/>
              </connectionPointOut>
              <connectionPointOut formalParameter="">
                <relPosition x="10" y="100"/>
              </connectionPointOut>
              <connectionPointOut formalParameter="">
                <relPosition x="10" y="180"/>
              </connectionPointOut>
            </leftPowerRail>
            <contact localId="2" negated="false" width="21" height="20">
              <position x="80" y="70"/>
              <connectionPointIn>
                <relPosition x="0" y="10"/>
                <connection refLocalId="1">
                  <position x="80" y="80"/>
                  <position x="60" y="80"/>
                  <position x="60" y="120"/>
                  <position x="40" y="120"/>
                </connection>
              </connectionPointIn>
              <connectionPointOut>
                <relPosition x="21" y="10"/>
              </connectionPointOut>
              <variable>start</variable>
            </contact>
            <contact localId="3" negated="true" width="21" height="20">
              <position x="160" y="110"/>
              <connectionPointIn>
                <relPosition x="0" y="10"/>
                <connection refLocalId="2">
                  <position x="160" y="120"/>
                  <position x="125" y="120"/>
                  <position x="125" y="80"/>
                  <position x="101" y="80"/>
                </connection>
                <connection refLocalId="5">
                  <position x="160" y="120"/>
                  <position x="101" y="120"/>
                </connection>
              </connectionPointIn>
              <connectionPointOut>
                <relPosition x="21" y="10"/>
              </connectionPointOut>
              <variable>Stop</variable>
            </contact>
            <coil localId="4" negated="false" width="21" height="20">
              <position x="280" y="110"/>
              <connectionPointIn>
                <relPosition x="0" y="10"/>
                <connection refLocalId="3">
                  <position x="280" y="120"/>
                  <position x="181" y="120"/>
                </connection>
              </connectionPointIn>
              <connectionPointOut>
                <relPosition x="21" y="10"/>
              </connectionPointOut>
              <variable>ir1</variable>
            </coil>
            <contact localId="5" negated="false" width="21" height="20">
              <position x="80" y="110"/>
              <connectionPointIn>
                <relPosition x="0" y="10"/>
                <connection refLocalId="1">
                  <position x="80" y="120"/>
                  <position x="40" y="120"/>
                </connection>
              </connectionPointIn>
              <connectionPointOut>
                <relPosition x="21" y="10"/>
              </connectionPointOut>
              <variable>ir1</variable>
            </contact>
            <contact localId="6" negated="true" width="21" height="20">
              <position x="160" y="190"/>
              <connectionPointIn>
                <relPosition x="0" y="10"/>
                <connection refLocalId="8">
                  <position x="160" y="200"/>
                  <position x="101" y="200"/>
                </connection>
              </connectionPointIn>
              <connectionPointOut>
                <relPosition x="21" y="10"/>
              </connectionPointOut>
              <variable>infrarojo</variable>
            </contact>
            <coil localId="7" negated="false" storage="set" width="21" height="20">
              <position x="280" y="190"/>
              <connectionPointIn>
                <relPosition x="0" y="10"/>
                <connection refLocalId="6">
                  <position x="280" y="200"/>
                  <position x="181" y="200"/>
                </connection>
              </connectionPointIn>
              <connectionPointOut>
                <relPosition x="21" y="10"/>
              </connectionPointOut>
              <variable>motorEtiquetadora</variable>
            </coil>
            <contact localId="8" negated="false" width="21" height="20">
              <position x="80" y="190"/>
              <connectionPointIn>
                <relPosition x="0" y="10"/>
                <connection refLocalId="1">
                  <position x="80" y="200"/>
                  <position x="40" y="200"/>
                </connection>
              </connectionPointIn>
              <connectionPointOut>
                <relPosition x="21" y="10"/>
              </connectionPointOut>
              <variable>ir1</variable>
            </contact>
            <contact localId="9" negated="false" width="21" height="20">
              <position x="80" y="270"/>
              <connectionPointIn>
                <relPosition x="0" y="10"/>
                <connection refLocalId="1">
                  <position x="80" y="280"/>
                  <position x="40" y="280"/>
                </connection>
              </connectionPointIn>
              <connectionPointOut>
                <relPosition x="21" y="10"/>
              </connectionPointOut>
              <variable>ir1</variable>
            </contact>
            <contact localId="10" negated="false" width="21" height="20">
              <position x="160" y="270"/>
              <connectionPointIn>
                <relPosition x="0" y="10"/>
                <connection refLocalId="9">
                  <position x="160" y="280"/>
                  <position x="101" y="280"/>
                </connection>
              </connectionPointIn>
              <connectionPointOut>
                <relPosition x="21" y="10"/>
              </connectionPointOut>
              <variable>infrarojo</variable>
            </contact>
            <coil localId="11" negated="false" storage="reset" width="21" height="20">
              <position x="280" y="270"/>
              <connectionPointIn>
                <relPosition x="0" y="10"/>
                <connection refLocalId="10">
                  <position x="280" y="280"/>
                  <position x="181" y="280"/>
                </connection>
              </connectionPointIn>
              <connectionPointOut>
                <relPosition x="21" y="10"/>
              </connectionPointOut>
              <variable>motorEtiquetadora</variable>
            </coil>
            <rightPowerRail localId="12" width="10" height="200">
              <position x="410" y="100"/>
              <connectionPointIn>
                <relPosition x="0" y="20"/>
                <connection refLocalId="4">
                  <position x="410" y="120"/>
                  <position x="301" y="120"/>
                </connection>
              </connectionPointIn>
              <connectionPointIn>
                <relPosition x="0" y="100"/>
                <connection refLocalId="7">
                  <position x="410" y="200"/>
                  <position x="301" y="200"/>
                </connection>
              </connectionPointIn>
              <connectionPointIn>
                <relPosition x="0" y="180"/>
                <connection refLocalId="11">
                  <position x="410" y="280"/>
                  <position x="300" y="280"/>
                </connection>
              </connectionPointIn>
            </rightPowerRail>
            <leftPowerRail localId="13" width="10" height="40">
              <position x="30" y="300"/>
              <connectionPointOut formalParameter="">
                <relPosition x="10" y="20"/>
              </connectionPointOut>
            </leftPowerRail>
            <contact localId="14" negated="false" width="21" height="20">
              <position x="80" y="310"/>
              <connectionPointIn>
                <relPosition x="0" y="10"/>
                <connection refLocalId="13">
                  <position x="80" y="320"/>
                  <position x="40" y="320"/>
                </connection>
              </connectionPointIn>
              <connectionPointOut>
                <relPosition x="21" y="10"/>
              </connectionPointOut>
              <variable>ir1</variable>
            </contact>
            <coil localId="15" negated="false" width="21" height="20">
              <position x="280" y="310"/>
              <connectionPointIn>
                <relPosition x="0" y="10"/>
                <connection refLocalId="14">
                  <position x="280" y="320"/>
                  <position x="101" y="320"/>
                </connection>
              </connectionPointIn>
              <connectionPointOut>
                <relPosition x="21" y="10"/>
              </connectionPointOut>
              <variable>Transportadora</variable>
            </coil>
            <rightPowerRail localId="16" width="10" height="40">
              <position x="410" y="300"/>
              <connectionPointIn>
                <relPosition x="0" y="20"/>
                <connection refLocalId="15">
                  <position x="410" y="320"/>
                  <position x="300" y="320"/>
                </connection>
              </connectionPointIn>
            </rightPowerRail>
          </LD>
        </body>
      </pou>
    </pous>
  </types>
  <instances>
    <configurations>
      <configuration name="Config0">
        <resource name="Res0">
          <task name="task0" priority="0" interval="T#20ms">
            <pouInstance name="instance0" typeName="etiquetadora"/>
          </task>
        </resource>
      </configuration>
    </configurations>
  </instances>
</project>
